Name of the PLayer,Username,Bullet Rating,Blitz Rating,Rapid Rating,Classical Rating
Gregory Paul T,Greg512,1182,1238,1620,1318
Godwin Joseph P,Godwin_Joseph,1500,1495,1500,1500
Kundan Kumar,Neophyte_KK,1500,1447,1500,1500
Gautham Giri,GG1711,1188,1179,1543,1500
Raj Goel,RajGoel248,1390,1479,1280,1227
Joel Jeffrey,Joel_Jeffrey,1778,1601,1500,1500
Akshay Mahida,axay77,1323,1448,1661,1500
Anish Bhagavatula,BossLogic_314,1500,1791,1500,1500
Harsh Dubey,harshdubey,1648,1294,1412,1500
Sanjay Barath G,Sneaky_Knight1600,1500,1312,1765,1500
Vinay I,vinayingle,1500,1302,1307,1500
Neel Kabra,kabraneel,1292,1297,1500,1500
M. Preetham,preeetham,1289,1571,1500,1500
Vyshnav T K,Vys6nav_TK,1313,1418,1880,1555
Jayasurya R,metalballs,1181,1273,1591,1500
Priyanshu Gupta,Priyanshu_112001033,1500,1289,1432,1340
Muhammed Nihal.PP,Nihalpp555,958,1246,1429,1500
Manikanta,Mani96666,1500,1015,1296,1500
Abhishek Singh Solanki,abhishek_b2,1276,1129,1544,1500
Aradhya Bijalwan,Arantx,989,1361,1568,1500
Sughandhan S,Batman_Beyond123,1500,1072,1500,1500
Gaurav Kandpal,gaurav2802,1226,1618,1871,1563
Arjun Olachery,arjun1112,1500,1500,1500,1500
G Harsha Vardhan Reddy,harsha642,1026,1088,1175,1349
Ajay Kumar,Ajay26961,1239,1500,1500,1500
D Sai Rishitha,Rysyta,1107,832,1205,1307
Akash Singh,Akash_2146,1091,1126,1077,1500
Gopikrishna Prabhu P D,Gopikrishna_Prabhu,1500,1186,1500,1500
Yerra nitin goud,nitingoud59,1500,859,1222,1040
Akhil M V,Quicksilver73,1324,1500,1500,1500
Abraham Aby,abrahamaby93_20,1354,1389,1834,1515
Anurag Jha,ANURAG_JHA,1645,947,1500,1500
ARUN SANKAR,ArunSankar_18,1230,1287,1616,1255
Vikas Saini,vi_kas,1500,1695,1500,1500
aaryuman,aaryuman,1500,1500,1500,1500
Saransh Kumar,SARANSH_JAWLA,1160,1433,1605,1648
Ravi Chaudhary,CARN0TX,1500,833,1500,1500
Sayandip Chaudhuri,Drakebell,1576,1801,2228,1500
Rithwik P,rithwikp,1262,1293,1608,1500
Ankur Sharma,ankur01xyz,1500,1500,1500,1500
Banala Sai Manikanta,BSM137,1500,1500,1500,1500
NABIN BORO,NDK1,1559,1727,1794,1500
Sreejith Siju,sreejiths,1260,1272,1661,1500
Thoufeer K K,Thoufeer_k_k,1500,1500,1500,1500
Atul Tiwari,tiwari_is_kira,1485,1421,1437,1500
Sujit Mandava,lazy_sushi,1500,1429,1500,1500
Gourav Nishad,gourav_agent47,1353,1291,1500,1500
Mandeep,Mandy30,1500,1024,879,1500
Sandhya K,jus_playin,1500,1500,1685,1500
